"Priority","Where it appears","Key","English (source)","Bahasa Indonesia (current draft)","Changed","Reviewer: correct? (Y/N)","Reviewer: corrected text","Reviewer notes"
"Normal","Top bar of every campaign page","nav.language","Language","Bahasa","","","",""
"Normal","Top bar of every campaign page","nav.home","TulusSG home","Beranda TulusSG","","","",""
"Normal","Form: field markers","form.required","required","wajib","","","",""
"Normal","Form: field markers","form.optional","optional","tidak wajib","","","",""
"Normal","Form: field markers","form.choose","Choose one","Pilih salah satu","","","",""
"Normal","Form: send button text while sending","form.submitting","Sending…","Sedang mengirim…","","","",""
"Normal","Form: error message (shown after pressing Send)","err.invalid_phone","This WhatsApp number doesn’t look right.","Nomor WhatsApp ini sepertinya kurang tepat.","","","",""
"Normal","Form: error message (shown after pressing Send)","err.phone_country_code","For numbers outside Singapore, start with + and the country code (e.g. +62…).","Untuk nomor di luar Singapura, awali dengan + dan kode negara (misalnya +62…).","","","",""
"Normal","Form: error message (shown after pressing Send)","err.too_long","This is too long. Please make it shorter.","Terlalu panjang. Mohon dipersingkat.","","","",""
"Normal","Form: error message (shown after pressing Send)","err.invalid_option","Please choose one of the answers shown.","Mohon pilih salah satu jawaban yang tersedia.","","","",""
"HIGH: tells the person whether it was saved or sent","Form: error message (shown after pressing Send)","err.network","Your registration was not sent. Please check your internet connection and try again.","Pendaftaran Anda belum terkirim. Periksa koneksi internet Anda lalu coba lagi.","","","",""
"HIGH: tells the person whether it was saved or sent","Form: error message (shown after pressing Send)","err.server","Sorry, something went wrong on our side and your registration was NOT sent. Please try again in a few minutes.","Maaf, ada masalah di pihak kami dan pendaftaran Anda BELUM terkirim. Mohon coba lagi beberapa menit lagi.","","","",""
"HIGH: tells the person whether it was saved or sent","Form: error message (shown after pressing Send)","err.rate_limited","Too many tries in a short time. Please wait a few minutes and try again.","Terlalu banyak percobaan dalam waktu singkat. Mohon tunggu beberapa menit lalu coba lagi.","","","",""
"Normal","Form: error message (shown after pressing Send)","err.too_fast","That was quick! Please check your answers and send again.","Cepat sekali! Mohon periksa jawaban Anda lalu kirim lagi.","","","",""
"Normal","Footer of every campaign page, before admin@tulussg.com","footer.questions","Questions?","Ada pertanyaan?","","","",""
"HIGH: consent / privacy wording","Footer of every campaign page, and the {link} inside the consent line","privacy.link","Privacy Policy","Kebijakan Privasi","","","",""
"HIGH: consent / privacy wording","Same link, used while the Privacy Policy is only in English","privacy.linkEnglishOnly","Privacy Policy","Kebijakan Privasi (dalam bahasa Inggris)","","","",""
"Normal","Top bar of every campaign page","nav.campaigns","Campaigns","Kampanye","","","",""
"Normal","Top bar of every campaign page","nav.allCampaigns","All campaigns","Semua kampanye","","","",""
"HIGH: tells the person whether it was saved or sent","Form: error message (shown after pressing Send)","err.campaign_closed","Registrations for this campaign are closed, so your registration was NOT sent.","Pendaftaran untuk kampanye ini sudah ditutup, jadi pendaftaran Anda TIDAK terkirim.","","","",""
"Normal","/campaigns/ list: status label on a campaign card","status.active","Open","Dibuka","","","",""
"Normal","/campaigns/ list: status label on a campaign card","status.coming-soon","Coming soon","Segera hadir","","","",""
"Normal","/campaigns/ list: status label on a campaign card","status.closed","Closed","Ditutup","","","",""
"Normal","Campaign page when the campaign is not open (replaces the form)","state.coming-soon.title","Coming soon","Segera hadir","","","",""
"Normal","Campaign page when the campaign is not open (replaces the form)","state.coming-soon.body","This campaign is not open yet. Please check back soon.","Kampanye ini belum dibuka. Silakan kembali lagi nanti.","","","",""
"Normal","Campaign page when the campaign is not open (replaces the form)","state.closed.title","This campaign is closed","Kampanye ini sudah ditutup","","","",""
"Normal","Campaign page when the campaign is not open (replaces the form)","state.closed.body","Thank you for your interest. Registrations for this campaign are no longer open.","Terima kasih atas minat Anda. Pendaftaran untuk kampanye ini sudah tidak dibuka lagi.","","","",""
"Normal","Campaign page when the campaign is not open (replaces the form)","state.backToCampaigns","See all campaigns","Lihat semua kampanye","","","",""
"Normal","Browser tab title / search-result and link-preview text (not shown on the page)","meta.title","Campaigns | TulusSG","Kampanye | TulusSG","","","",""
"Normal","Browser tab title / search-result and link-preview text (not shown on the page)","meta.description","Ways to take part in TulusSG: current campaigns for domestic workers and the community in Singapore.","Cara ikut serta di TulusSG: kampanye yang sedang berjalan untuk pekerja rumah tangga dan komunitas di Singapura.","","","",""
"Normal","/campaigns/ page heading","hub.tag","TulusSG","TulusSG","","","",""
"Normal","/campaigns/ page heading","hub.title","Campaigns","Kampanye","","","",""
"Normal","/campaigns/ page heading","hub.lead","Ways to take part in TulusSG.","Cara ikut serta di TulusSG.","","","",""
"Normal","/campaigns/ page heading","hub.listLabel","Current campaigns","Kampanye saat ini","","","",""
"Normal","/campaigns/ page heading","hub.empty","There are no open campaigns right now. Please check back soon.","Saat ini belum ada kampanye yang dibuka. Silakan kembali lagi nanti.","","","",""
"Normal","/campaigns/ list: the campaign card","campaign.share-your-story.title","Share Your Story","Bagikan Cerita Anda","","","",""
"Normal","/campaigns/ list: the campaign card","campaign.share-your-story.desc","We're looking for 4 domestic helpers in Singapore to share their experiences in an upcoming TulusSG media production.","Kami mencari 4 pekerja rumah tangga di Singapura untuk membagikan pengalaman mereka dalam produksi media TulusSG yang akan datang.","","","",""
"Normal","/campaigns/ list: the campaign card","campaign.share-your-story.cta","Learn more","Selengkapnya","","","",""
"Normal","/campaigns/ list: card image description (screen readers)","campaign.share-your-story.alt","A smiling woman sitting by Marina Bay in Singapore","Seorang perempuan tersenyum sambil duduk di dekat Marina Bay, Singapura","","","",""
"Normal","Browser tab title / search-result and link-preview text (not shown on the page)","meta.title","Share Your Story | TulusSG","Bagikan Cerita Anda | TulusSG","","","",""
"Normal","Browser tab title / search-result and link-preview text (not shown on the page)","meta.description","TulusSG is looking for four domestic helpers in Singapore to share their stories in an upcoming media production.","TulusSG mencari empat pekerja rumah tangga di Singapura untuk membagikan cerita mereka dalam produksi media yang akan datang.","","","",""
"Normal","Share Your Story page: top section","hero.tag","A TulusSG story project","Proyek cerita TulusSG","","","",""
"Normal","Share Your Story page: top section","hero.title","Share your story","Bagikan cerita Anda","","","",""
"Normal","Share Your Story page: top section","hero.lead","We're looking for 4 domestic helpers in Singapore to share their stories in an upcoming TulusSG media production.","Kami mencari 4 pekerja rumah tangga di Singapura untuk membagikan cerita mereka dalam produksi media TulusSG yang akan datang.","","","",""
"Normal","Share Your Story page: top section","hero.line1","Not a perfect story.","Bukan cerita yang sempurna.","","","",""
"Normal","Share Your Story page: top section","hero.line2","Not a scripted story.","Bukan cerita yang dibuat-buat.","","","",""
"Normal","Share Your Story page: top section","hero.line3","Just your story.","Cukup cerita Anda.","","","",""
"Normal","Share Your Story page: top section","hero.cta","Share my story","Bagikan cerita saya","","","",""
"Normal","Share Your Story page: top section","hero.about","What is this about?","Tentang apa ini?","","","",""
"Normal","Image description read by screen readers (not visible)","hero.alt","A smiling woman sitting by Marina Bay in Singapore","Seorang perempuan tersenyum sambil duduk di dekat Marina Bay, Singapura","","","",""
"Normal","Share Your Story page: ""What can you share?"" section","share.title","What can you share?","Apa yang bisa Anda bagikan?","","","",""
"Normal","Share Your Story page: ""What can you share?"" section","share.c1","Your experiences","Pengalaman Anda","","","",""
"Normal","Share Your Story page: ""What can you share?"" section","share.c2","Funny moments","Momen lucu","","","",""
"Normal","Share Your Story page: ""What can you share?"" section","share.c3","Challenges","Tantangan","","","",""
"Normal","Share Your Story page: ""What can you share?"" section","share.c4","Your hopes","Harapan Anda","","","",""
"Normal","Share Your Story page: ""What can you share?"" section","share.anything","Anything that matters to you.","Apa pun yang berarti bagi Anda.","","","",""
"Normal","Share Your Story page: reassurance section","trust.t1","No media experience needed","Tidak perlu pengalaman di media","","","",""
"Normal","Share Your Story page: reassurance section","trust.t2","No perfect English needed","Tidak perlu bahasa Inggris yang sempurna","","","",""
"Normal","Share Your Story page: reassurance section","trust.t3","No perfect story needed","Tidak perlu cerita yang sempurna","","","",""
"Normal","Share Your Story page: reassurance section","trust.be","Just be yourself.","Jadilah diri sendiri.","","","",""
"Normal","Share Your Story page: reassurance section","trust.contact","Selected participants will be contacted by the TulusSG team.","Peserta yang terpilih akan dihubungi oleh tim TulusSG.","","","",""
"Normal","Form heading","form.title","Interested? Tell us a little about your story.","Tertarik? Ceritakan sedikit tentang kisah Anda.","","","",""
"Normal","Form: field label or help text","f.name","Name","Nama","","","",""
"Normal","Form: field label or help text","f.phone","WhatsApp number","Nomor WhatsApp","","","",""
"Normal","Form: WhatsApp number help text (country-code dropdown + number box)","f.phone.help","Choose your country code, then type your number.","Pilih kode negara Anda, lalu ketik nomor Anda.","NEW 1 Oct 2026","","",""
"Normal","Form: grey example text inside the WhatsApp number box","f.phone.placeholder","e.g. 9123 4567","misalnya 9123 4567","","","",""
"Normal","Form: hidden label for the country-code dropdown (read by screen readers)","f.phone.code","Country code","Kode negara","NEW 1 Oct 2026","","",""
"Normal","Form: field label or help text","f.nationality","Nationality","Kewarganegaraan","","","",""
"Normal","Form: field label or help text","f.nationalityOther","Please tell us your nationality","Sebutkan kewarganegaraan Anda","","","",""
"Normal","Form: answer option for Nationality","nat.indonesia","Indonesia","Indonesia","","","",""
"Normal","Form: answer option for Nationality","nat.philippines","Philippines","Filipina","","","",""
"Normal","Form: answer option for Nationality","nat.myanmar","Myanmar","Myanmar","","","",""
"Normal","Form: answer option for Nationality","nat.india","India","India","","","",""
"Normal","Form: answer option for Nationality","nat.sri_lanka","Sri Lanka","Sri Lanka","","","",""
"Normal","Form: answer option for Nationality","nat.malaysia","Malaysia","Malaysia","","","",""
"Normal","Form: answer option for Nationality","nat.other","Other","Lainnya","","","",""
"Normal","Form: field label or help text","f.language","Preferred language","Bahasa yang Anda pilih","","","",""
"Normal","Form: field label or help text","f.languageOther","Which language do you prefer?","Bahasa apa yang Anda pilih?","","","",""
"Normal","Form: answer option for Preferred language","lang.en","English","Bahasa Inggris","","","",""
"Normal","Form: answer option for Preferred language","lang.id","Bahasa Indonesia","Bahasa Indonesia","","","",""
"Normal","Form: answer option for Preferred language","lang.tl","Filipino / Tagalog","Bahasa Filipino / Tagalog","","","",""
"Normal","Form: answer option for Preferred language","lang.my","Burmese","Bahasa Myanmar (Burma)","","","",""
"Normal","Form: answer option for Preferred language","lang.other","Other","Lainnya","","","",""
"Normal","Form: field label or help text","f.story","Your story","Cerita Anda","","","",""
"Normal","Form: field label or help text","f.story.help","A few sentences are enough. You can write in any language you are comfortable with.","Beberapa kalimat saja sudah cukup. Anda boleh menulis dalam bahasa apa pun yang Anda nyaman.","","","",""
"Normal","Form: field label or help text","f.social","Your social media","Media sosial Anda","NEW 1 Oct 2026","","",""
"Normal","Form: field label or help text","f.social.help","Choose the platform, then type your username.","Pilih platformnya, lalu ketik nama pengguna Anda.","NEW 1 Oct 2026","","",""
"Normal","Form: field label or help text","f.social.placeholder","@yourname","@namaanda","NEW 1 Oct 2026","","",""
"Normal","Form: field label or help text","f.social.platform","Platform","Platform","NEW 1 Oct 2026","","",""
"Normal","Form: field label or help text","f.social.choose","Choose","Pilih","NEW 1 Oct 2026","","",""
"Normal","Form: field label or help text","f.social.other","Other","Lainnya","NEW 1 Oct 2026","","",""
"Normal","Form: field label or help text","f.social.handle","Username","Nama pengguna","NEW 1 Oct 2026","","",""
"Normal","Form: the ""+"" button that adds another social media row (screen-reader label)","f.social.add","Add another social media account","Tambah akun media sosial lain","NEW 1 Oct 2026","","",""
"Normal","Form: the ""×"" button that removes a social media row (screen-reader label)","f.social.remove","Remove","Hapus","NEW 1 Oct 2026","","",""
"Normal","Form: error message (shown after pressing Send)","err.social_platform","Please choose the platform for each username.","Mohon pilih platform untuk setiap nama pengguna.","NEW 1 Oct 2026","","",""
"Normal","Form: field label or help text","f.filming","Would you be comfortable being filmed?","Apakah Anda nyaman direkam video?","","","",""
"Normal","Form: answer option for ""comfortable being filmed?""","film.yes","Yes","Ya","","","",""
"Normal","Form: answer option for ""comfortable being filmed?""","film.maybe","Maybe, tell me more","Mungkin, ceritakan lebih lanjut","","","",""
"Normal","Form: answer option for ""comfortable being filmed?""","film.no","No","Tidak","","","",""
"HIGH: consent / privacy wording","Form: the required consent checkbox (legal wording)","f.consent","I agree that TulusSG may contact me about this story-sharing opportunity.","Saya setuju bahwa TulusSG boleh menghubungi saya tentang kesempatan berbagi cerita ini.","","","",""
"HIGH: consent / privacy wording","Form: line under the consent checkbox. {link} is replaced by the ""Privacy Policy"" link; keep {link}","f.consentAck","By submitting this form, you acknowledge our {link}.","Dengan mengirim formulir ini, Anda menyatakan telah membaca {link} kami.","","","",""
"HIGH: consent / privacy wording","Form: media notice under the consent checkbox (legal wording; matches Privacy Policy section 11)","f.mediaNote","If you are selected and take part, TulusSG may use your image, voice and story for TulusSG events, publicity, social media and media productions, as explained in our Privacy Policy. You can opt out at any time by emailing admin@tulussg.com.","Jika Anda terpilih dan ikut serta, TulusSG boleh menggunakan gambar, suara, dan cerita Anda untuk acara, publikasi, media sosial, dan produksi media TulusSG, seperti dijelaskan dalam Kebijakan Privasi kami. Anda dapat menolak kapan saja dengan mengirim email ke admin@tulussg.com.","CHANGED 1 Oct 2026","","",""
"Normal","Form: the send button","form.submit","Share my story","Bagikan cerita saya","","","",""
"Normal","Form: error message (shown after pressing Send)","err.fullName","Please enter your name.","Mohon isi nama Anda.","","","",""
"Normal","Form: error message (shown after pressing Send)","err.phone","Please enter your WhatsApp number.","Mohon isi nomor WhatsApp Anda.","","","",""
"Normal","Form: error message (shown after pressing Send)","err.nationality","Please choose your nationality.","Mohon pilih kewarganegaraan Anda.","","","",""
"Normal","Form: error message (shown after pressing Send)","err.nationalityOther","Please tell us your nationality.","Mohon sebutkan kewarganegaraan Anda.","","","",""
"Normal","Form: error message (shown after pressing Send)","err.preferredLanguage","Please choose a language.","Mohon pilih bahasa.","","","",""
"Normal","Form: error message (shown after pressing Send)","err.preferredLanguageOther","Please tell us which language.","Mohon sebutkan bahasanya.","","","",""
"Normal","Form: error message (shown after pressing Send)","err.filmingComfort","Please choose an answer.","Mohon pilih salah satu jawaban.","","","",""
"Normal","Form: error message (shown after pressing Send)","err.story","Please check this answer.","Mohon periksa jawaban ini.","","","",""
"Normal","Form: error message (shown after pressing Send)","err.consentContact","Please tick this box so we can contact you.","Mohon centang kotak ini agar kami bisa menghubungi Anda.","","","",""
"Normal","Thank-you page (shown only after the server confirms the registration is saved)","success.title","Thank you!","Terima kasih!","CHANGED 1 Oct 2026","","",""
"HIGH: tells the person whether it was saved or sent","Thank-you page (shown only after the server confirms the registration is saved)","success.received","We've received your registration.","Kami sudah menerima pendaftaran Anda.","CHANGED 1 Oct 2026","","",""
"Normal","Thank-you page (shown only after the server confirms the registration is saved)","success.back","Back to TulusSG","Kembali ke TulusSG","","","",""
"HIGH: consent / privacy wording","Form: OPTIONAL checkbox just above the consent checkbox (not ticked by default)","f.emailCopy","Email me a copy of my submission.","Kirimkan salinan isian saya ke email.","NEW 1 Oct 2026","","",""
"Normal","Form: email box label, shown only when ""Email me a copy"" is ticked","f.copyEmail","Your email address","Alamat email Anda","NEW 1 Oct 2026","","",""
"HIGH: consent / privacy wording","Form: help text under the email box (promise: used only to send the copy)","f.copyEmail.help","We will only use this to send you the copy. We won't add you to any mailing list.","Kami hanya akan menggunakannya untuk mengirim salinan ini. Kami tidak akan memasukkan Anda ke milis apa pun.","NEW 1 Oct 2026","","",""
"Normal","Form: error message (shown after pressing Send)","err.copyEmail","Please enter your email address.","Mohon isi alamat email Anda.","NEW 1 Oct 2026","","",""
"Normal","Form: error message (shown after pressing Send)","err.socialLinks","Please check your social media details.","Mohon periksa detail media sosial Anda.","NEW 1 Oct 2026","","",""
"Normal","Form: error message (shown after pressing Send)","err.invalid_email","This email address doesn't look right.","Alamat email ini sepertinya kurang tepat.","NEW 1 Oct 2026","","",""
"HIGH: tells the person whether it was saved or sent","Thank-you page: followed by the reference, e.g. SYS-4Y677L","success.reference","Your registration reference:","Nomor referensi pendaftaran Anda:","NEW 1 Oct 2026","","",""
"HIGH: tells the person whether it was saved or sent","Thank-you page: shown ONLY when the email copy was actually sent","success.copySent","A copy has been emailed to you.","Salinannya sudah dikirim ke email Anda.","NEW 1 Oct 2026","","",""
"HIGH: tells the person whether it was saved or sent","Thank-you page: shown when a copy was requested but could not be sent; ""admin@tulussg.com"" follows it","success.copyFailed","Your registration was received, but we couldn't email you a copy. For help, contact","Pendaftaran Anda sudah kami terima, tetapi salinannya tidak bisa dikirim ke email Anda. Untuk bantuan, hubungi","NEW 1 Oct 2026","","",""
"Normal","Thank-you page: sentence above the WhatsApp button","success.next","Join our WhatsApp community for activity updates, and follow TulusSG to see what's coming next.","Gabung komunitas WhatsApp kami untuk kabar kegiatan, dan ikuti TulusSG untuk melihat apa yang akan datang.","NEW 1 Oct 2026","","",""
"Normal","Thank-you page: main button (opens the TulusSG WhatsApp community)","success.whatsapp","Join our WhatsApp community","Gabung komunitas WhatsApp kami","NEW 1 Oct 2026","","",""
"Normal","Thank-you page: small heading above the Instagram / Facebook / TikTok / YouTube icons","success.follow","Follow TulusSG","Ikuti TulusSG","NEW 1 Oct 2026","","",""
"Normal","Thank-you page: screen-reader label / tooltip for a TulusSG social icon","social.instagram","TulusSG on Instagram","TulusSG di Instagram","NEW 1 Oct 2026","","",""
"Normal","Thank-you page: screen-reader label / tooltip for a TulusSG social icon","social.facebook","TulusSG on Facebook","TulusSG di Facebook","NEW 1 Oct 2026","","",""
"Normal","Thank-you page: screen-reader label / tooltip for a TulusSG social icon","social.tiktok","TulusSG on TikTok","TulusSG di TikTok","NEW 1 Oct 2026","","",""
"Normal","Thank-you page: screen-reader label / tooltip for a TulusSG social icon","social.youtube","TulusSG on YouTube","TulusSG di YouTube","NEW 1 Oct 2026","","",""
"Normal","Email copy sent to the registrant (only if they ticked ""Email me a copy""). Keep {campaign}, {reference} and {name}","email.subject","Your TulusSG registration: {campaign} ({reference})","Pendaftaran TulusSG Anda: {campaign} ({reference})","NEW 1 Oct 2026","","",""
"Normal","Email copy sent to the registrant (only if they ticked ""Email me a copy""). Keep {campaign}, {reference} and {name}","email.hello","Hello {name},","Halo {name},","NEW 1 Oct 2026","","",""
"Normal","Email copy sent to the registrant (only if they ticked ""Email me a copy""). Keep {campaign}, {reference} and {name}","email.intro","Thank you for registering for {campaign}. Here is a copy of what you sent us.","Terima kasih telah mendaftar untuk {campaign}. Berikut salinan yang Anda kirimkan kepada kami.","NEW 1 Oct 2026","","",""
"Normal","Email copy sent to the registrant (only if they ticked ""Email me a copy""). Keep {campaign}, {reference} and {name}","email.reference","Registration reference","Nomor referensi pendaftaran","NEW 1 Oct 2026","","",""
"Normal","Email copy sent to the registrant (only if they ticked ""Email me a copy""). Keep {campaign}, {reference} and {name}","email.submitted","Submitted (Singapore time)","Dikirim (waktu Singapura)","NEW 1 Oct 2026","","",""
"Normal","Email copy sent to the registrant (only if they ticked ""Email me a copy""). Keep {campaign}, {reference} and {name}","email.campaign","Campaign","Kampanye","NEW 1 Oct 2026","","",""
"Normal","Email copy sent to the registrant (only if they ticked ""Email me a copy""). Keep {campaign}, {reference} and {name}","email.answers","Your answers","Jawaban Anda","NEW 1 Oct 2026","","",""
"Normal","Email copy sent to the registrant (only if they ticked ""Email me a copy""). Keep {campaign}, {reference} and {name}","email.name","Name","Nama","NEW 1 Oct 2026","","",""
"Normal","Email copy sent to the registrant (only if they ticked ""Email me a copy""). Keep {campaign}, {reference} and {name}","email.phone","WhatsApp number","Nomor WhatsApp","NEW 1 Oct 2026","","",""
"Normal","Email copy sent to the registrant (only if they ticked ""Email me a copy""). Keep {campaign}, {reference} and {name}","email.nationality","Nationality","Kewarganegaraan","NEW 1 Oct 2026","","",""
"Normal","Email copy sent to the registrant (only if they ticked ""Email me a copy""). Keep {campaign}, {reference} and {name}","email.language","Preferred language","Bahasa yang Anda pilih","NEW 1 Oct 2026","","",""
"Normal","Email copy sent to the registrant (only if they ticked ""Email me a copy""). Keep {campaign}, {reference} and {name}","email.story","Your story","Cerita Anda","NEW 1 Oct 2026","","",""
"Normal","Email copy sent to the registrant (only if they ticked ""Email me a copy""). Keep {campaign}, {reference} and {name}","email.social","Your social media","Media sosial Anda","NEW 1 Oct 2026","","",""
"Normal","Email copy sent to the registrant (only if they ticked ""Email me a copy""). Keep {campaign}, {reference} and {name}","email.filming","Comfortable being filmed","Nyaman direkam video","NEW 1 Oct 2026","","",""
"HIGH: consent / privacy wording","Email copy sent to the registrant (only if they ticked ""Email me a copy""). Keep {campaign}, {reference} and {name}","email.consent","Agreed that TulusSG may contact you","Setuju TulusSG boleh menghubungi Anda","NEW 1 Oct 2026","","",""
"Normal","Email copy sent to the registrant (only if they ticked ""Email me a copy""). Keep {campaign}, {reference} and {name}","email.yes","Yes","Ya","NEW 1 Oct 2026","","",""
"Normal","Email copy sent to the registrant (only if they ticked ""Email me a copy""). Keep {campaign}, {reference} and {name}","email.none","(none)","(tidak ada)","NEW 1 Oct 2026","","",""
"Normal","Email copy sent to the registrant (only if they ticked ""Email me a copy""). Keep {campaign}, {reference} and {name}","email.next","If you are shortlisted, the TulusSG team will contact you on WhatsApp.","Jika Anda masuk daftar pendek, tim TulusSG akan menghubungi Anda lewat WhatsApp.","NEW 1 Oct 2026","","",""
"HIGH: consent / privacy wording","Email copy sent to the registrant (only if they ticked ""Email me a copy""). Keep {campaign}, {reference} and {name}","email.help","Questions, or want to change or withdraw your registration? Email admin@tulussg.com and quote your registration reference.","Ada pertanyaan, atau ingin mengubah atau membatalkan pendaftaran? Kirim email ke admin@tulussg.com dan sebutkan nomor referensi Anda.","NEW 1 Oct 2026","","",""
"HIGH: consent / privacy wording","Email copy sent to the registrant (only if they ticked ""Email me a copy""). Keep {campaign}, {reference} and {name}","email.note","You asked for this copy. We will not use this email address for anything else.","Anda meminta salinan ini. Kami tidak akan menggunakan alamat email ini untuk hal lain.","NEW 1 Oct 2026","","",""
