"Priority","Page","Key","English (source)","Filipino / Tagalog (current draft)","Reviewer: correct? (Y/N)","Reviewer: corrected text","Reviewer notes"
"Normal","All campaign pages (navigation, footer, errors, statuses)","nav.language","Language","Wika","","",""
"Normal","All campaign pages (navigation, footer, errors, statuses)","nav.home","TulusSG home","TulusSG home","","",""
"Normal","All campaign pages (navigation, footer, errors, statuses)","form.required","required","kailangan","","",""
"Normal","All campaign pages (navigation, footer, errors, statuses)","form.optional","optional","opsyonal","","",""
"Normal","All campaign pages (navigation, footer, errors, statuses)","form.choose","Choose one","Pumili ng isa","","",""
"Normal","All campaign pages (navigation, footer, errors, statuses)","form.submitting","Sending…","Ipinapadala…","","",""
"Medium — error message","All campaign pages (navigation, footer, errors, statuses)","err.invalid_phone","This WhatsApp number doesn’t look right.","Mukhang hindi tama ang WhatsApp number na ito.","","",""
"Medium — error message","All campaign pages (navigation, footer, errors, statuses)","err.phone_country_code","For numbers outside Singapore, start with + and the country code (e.g. +62…).","Para sa number sa labas ng Singapore, magsimula sa + at country code (hal. +63…).","","",""
"Medium — error message","All campaign pages (navigation, footer, errors, statuses)","err.too_long","This is too long. Please make it shorter.","Masyadong mahaba. Pakiikli.","","",""
"Medium — error message","All campaign pages (navigation, footer, errors, statuses)","err.invalid_option","Please choose one of the answers shown.","Pakipili ng isa sa mga sagot.","","",""
"Medium — error message","All campaign pages (navigation, footer, errors, statuses)","err.network","Your registration was not sent. Please check your internet connection and try again.","Hindi naipadala ang iyong registration. Pakitingnan ang internet connection mo at subukang muli.","","",""
"Medium — error message","All campaign pages (navigation, footer, errors, statuses)","err.server","Sorry, something went wrong on our side and your registration was NOT sent. Please try again in a few minutes.","Paumanhin, may problema sa aming panig at HINDI naipadala ang iyong registration. Pakisubukang muli pagkalipas ng ilang minuto.","","",""
"Medium — error message","All campaign pages (navigation, footer, errors, statuses)","err.rate_limited","Too many tries in a short time. Please wait a few minutes and try again.","Masyadong maraming subok sa maikling panahon. Maghintay ng ilang minuto at subukang muli.","","",""
"Medium — error message","All campaign pages (navigation, footer, errors, statuses)","err.too_fast","That was quick! Please check your answers and send again.","Ang bilis! Pakitingnan muna ang mga sagot mo at ipadala ulit.","","",""
"Normal","All campaign pages (navigation, footer, errors, statuses)","footer.questions","Questions?","May tanong?","","",""
"HIGH — consent/privacy wording","All campaign pages (navigation, footer, errors, statuses)","privacy.link","Privacy Policy","Privacy Policy","","",""
"HIGH — consent/privacy wording","All campaign pages (navigation, footer, errors, statuses)","privacy.linkEnglishOnly","Privacy Policy","Privacy Policy (sa English)","","",""
"Normal","All campaign pages (navigation, footer, errors, statuses)","nav.campaigns","Campaigns","Mga Campaign","","",""
"Normal","All campaign pages (navigation, footer, errors, statuses)","nav.allCampaigns","All campaigns","Lahat ng campaign","","",""
"Medium — error message","All campaign pages (navigation, footer, errors, statuses)","err.campaign_closed","Registrations for this campaign are closed, so your registration was NOT sent.","Sarado na ang registration para sa campaign na ito, kaya HINDI naipadala ang iyong registration.","","",""
"Normal","All campaign pages (navigation, footer, errors, statuses)","status.active","Open","Bukas","","",""
"Normal","All campaign pages (navigation, footer, errors, statuses)","status.coming-soon","Coming soon","Malapit na","","",""
"Normal","All campaign pages (navigation, footer, errors, statuses)","status.closed","Closed","Sarado na","","",""
"Normal","All campaign pages (navigation, footer, errors, statuses)","state.coming-soon.title","Coming soon","Malapit na","","",""
"Normal","All campaign pages (navigation, footer, errors, statuses)","state.coming-soon.body","This campaign is not open yet. Please check back soon.","Hindi pa bukas ang campaign na ito. Bumalik ka ulit mamaya.","","",""
"Normal","All campaign pages (navigation, footer, errors, statuses)","state.closed.title","This campaign is closed","Sarado na ang campaign na ito","","",""
"Normal","All campaign pages (navigation, footer, errors, statuses)","state.closed.body","Thank you for your interest. Registrations for this campaign are no longer open.","Salamat sa iyong interes. Hindi na bukas ang registration para sa campaign na ito.","","",""
"HIGH — consent/privacy wording","All campaign pages (navigation, footer, errors, statuses)","state.backToCampaigns","See all campaigns","Tingnan ang lahat ng campaign","","",""
"Normal","/campaigns/ hub","meta.title","Campaigns | TulusSG","Mga Campaign | TulusSG","","",""
"Normal","/campaigns/ hub","meta.description","Ways to take part in TulusSG: current campaigns for domestic workers and the community in Singapore.","Mga paraan para makilahok sa TulusSG: mga kasalukuyang campaign para sa mga kasambahay at sa komunidad sa Singapore.","","",""
"Normal","/campaigns/ hub","hub.tag","TulusSG","TulusSG","","",""
"Normal","/campaigns/ hub","hub.title","Campaigns","Mga Campaign","","",""
"Normal","/campaigns/ hub","hub.lead","Ways to take part in TulusSG.","Mga paraan para makilahok sa TulusSG.","","",""
"Normal","/campaigns/ hub","hub.listLabel","Current campaigns","Mga kasalukuyang campaign","","",""
"Normal","/campaigns/ hub","hub.empty","There are no open campaigns right now. Please check back soon.","Wala pang bukas na campaign sa ngayon. Bumalik ka ulit mamaya.","","",""
"Normal","/campaigns/ hub","campaign.share-your-story.title","Share Your Story","Ibahagi ang Iyong Kuwento","","",""
"Normal","/campaigns/ hub","campaign.share-your-story.desc","We're looking for 4 domestic helpers in Singapore to share their experiences in an upcoming TulusSG media production.","Naghahanap kami ng 4 na kasambahay sa Singapore na magbabahagi ng kanilang mga karanasan sa isang paparating na media production ng TulusSG.","","",""
"Normal","/campaigns/ hub","campaign.share-your-story.cta","Learn more","Alamin pa","","",""
"Normal","/campaigns/ hub","campaign.share-your-story.alt","A smiling woman sitting by Marina Bay in Singapore","Isang nakangiting babae na nakaupo malapit sa Marina Bay sa Singapore","","",""
"Normal","Share Your Story page","meta.title","Share Your Story | TulusSG","Ibahagi ang Iyong Kuwento | TulusSG","","",""
"Normal","Share Your Story page","meta.description","TulusSG is looking for four domestic helpers in Singapore to share their stories in an upcoming media production.","Naghahanap ang TulusSG ng apat na kasambahay sa Singapore na magbabahagi ng kanilang kuwento sa isang paparating na media production.","","",""
"Normal","Share Your Story page","hero.tag","A TulusSG story project","Isang story project ng TulusSG","","",""
"Normal","Share Your Story page","hero.title","Share your story","Ibahagi ang iyong kuwento","","",""
"Normal","Share Your Story page","hero.lead","We're looking for 4 domestic helpers in Singapore to share their stories in an upcoming TulusSG media production.","Naghahanap kami ng 4 na kasambahay sa Singapore na magbabahagi ng kanilang kuwento sa isang paparating na media production ng TulusSG.","","",""
"Normal","Share Your Story page","hero.line1","Not a perfect story.","Hindi perpektong kuwento.","","",""
"Normal","Share Your Story page","hero.line2","Not a scripted story.","Hindi kuwentong may script.","","",""
"Normal","Share Your Story page","hero.line3","Just your story.","Ang kuwento mo lang.","","",""
"Normal","Share Your Story page","hero.cta","Share my story","Ibahagi ang kuwento ko","","",""
"Normal","Share Your Story page","hero.about","What is this about?","Tungkol saan ito?","","",""
"Normal","Share Your Story page","hero.alt","A smiling woman sitting by Marina Bay in Singapore","Isang nakangiting babae na nakaupo malapit sa Marina Bay sa Singapore","","",""
"Normal","Share Your Story page","share.title","What can you share?","Ano ang puwede mong ibahagi?","","",""
"Normal","Share Your Story page","share.c1","Your experiences","Mga karanasan mo","","",""
"Normal","Share Your Story page","share.c2","Funny moments","Nakakatawang sandali","","",""
"Normal","Share Your Story page","share.c3","Challenges","Mga pagsubok","","",""
"Normal","Share Your Story page","share.c4","Your hopes","Mga pangarap mo","","",""
"Normal","Share Your Story page","share.anything","Anything that matters to you.","Anumang mahalaga sa iyo.","","",""
"Normal","Share Your Story page","trust.t1","No media experience needed","Hindi kailangan ng karanasan sa media","","",""
"Normal","Share Your Story page","trust.t2","No perfect English needed","Hindi kailangan ng perpektong English","","",""
"Normal","Share Your Story page","trust.t3","No perfect story needed","Hindi kailangan ng perpektong kuwento","","",""
"Normal","Share Your Story page","trust.be","Just be yourself.","Magpakatotoo ka lang.","","",""
"Normal","Share Your Story page","trust.contact","Selected participants will be contacted by the TulusSG team.","Kokontakin ng TulusSG team ang mga mapipili.","","",""
"Normal","Share Your Story page","form.title","Interested? Tell us a little about your story.","Interesado? Magkuwento nang kaunti tungkol sa iyo.","","",""
"Normal","Share Your Story page","f.name","Name","Pangalan","","",""
"Normal","Share Your Story page","f.phone","WhatsApp number","WhatsApp number","","",""
"Normal","Share Your Story page","f.phone.help","Singapore: 8 digits, e.g. 9123 4567. Other countries: start with + and the country code.","Singapore: 8 digit, hal. 9123 4567. Ibang bansa: magsimula sa + at country code.","","",""
"Normal","Share Your Story page","f.phone.placeholder","e.g. 9123 4567","hal. 9123 4567","","",""
"Normal","Share Your Story page","f.nationality","Nationality","Nasyonalidad","","",""
"Normal","Share Your Story page","f.nationalityOther","Please tell us your nationality","Pakisabi ang iyong nasyonalidad","","",""
"Normal","Share Your Story page","nat.indonesia","Indonesia","Indonesia","","",""
"Normal","Share Your Story page","nat.philippines","Philippines","Pilipinas","","",""
"Normal","Share Your Story page","nat.myanmar","Myanmar","Myanmar","","",""
"Normal","Share Your Story page","nat.india","India","India","","",""
"Normal","Share Your Story page","nat.sri_lanka","Sri Lanka","Sri Lanka","","",""
"Normal","Share Your Story page","nat.malaysia","Malaysia","Malaysia","","",""
"Normal","Share Your Story page","nat.other","Other","Iba pa","","",""
"Normal","Share Your Story page","f.language","Preferred language","Gustong wika","","",""
"Normal","Share Your Story page","f.languageOther","Which language do you prefer?","Anong wika ang gusto mo?","","",""
"Normal","Share Your Story page","lang.en","English","English","","",""
"Normal","Share Your Story page","lang.id","Bahasa Indonesia","Bahasa Indonesia","","",""
"Normal","Share Your Story page","lang.tl","Filipino / Tagalog","Filipino / Tagalog","","",""
"Normal","Share Your Story page","lang.my","Burmese","Burmese","","",""
"Normal","Share Your Story page","lang.other","Other","Iba pa","","",""
"Normal","Share Your Story page","f.story","Your story","Ang kuwento mo","","",""
"Normal","Share Your Story page","f.story.help","A few sentences are enough. You can write in any language you are comfortable with.","Sapat na ang ilang pangungusap. Puwede kang sumulat sa kahit anong wikang komportable ka.","","",""
"Normal","Share Your Story page","f.filming","Would you be comfortable being filmed?","Komportable ka bang ma-video?","","",""
"Normal","Share Your Story page","film.yes","Yes","Oo","","",""
"Normal","Share Your Story page","film.maybe","Maybe, tell me more","Siguro, sabihin pa sa akin","","",""
"Normal","Share Your Story page","film.no","No","Hindi","","",""
"HIGH — consent/privacy wording","Share Your Story page","f.consent","I agree that TulusSG may contact me about this story-sharing opportunity.","Pumapayag ako na kontakin ako ng TulusSG tungkol sa pagkakataong ito na magbahagi ng kuwento.","","",""
"HIGH — consent/privacy wording","Share Your Story page","f.consentAck","By submitting this form, you acknowledge our {link}.","Sa pagpapadala ng form na ito, kinikilala mo ang aming {link}.","","",""
"HIGH — consent/privacy wording","Share Your Story page","f.mediaNote","Submitting your interest does not give TulusSG permission to publish or use your story, image or voice. Media consent will be obtained separately if you are selected.","Ang pagpapahayag ng interes ay hindi nagbibigay ng pahintulot sa TulusSG na i-publish o gamitin ang iyong kuwento, larawan o boses. Hihingin nang hiwalay ang media consent kung mapipili ka.","","",""
"Normal","Share Your Story page","form.submit","Share my story","Ibahagi ang kuwento ko","","",""
"Medium — error message","Share Your Story page","err.fullName","Please enter your name.","Pakilagay ang iyong pangalan.","","",""
"Medium — error message","Share Your Story page","err.phone","Please enter your WhatsApp number.","Pakilagay ang iyong WhatsApp number.","","",""
"Medium — error message","Share Your Story page","err.nationality","Please choose your nationality.","Pakipili ang iyong nasyonalidad.","","",""
"Medium — error message","Share Your Story page","err.nationalityOther","Please tell us your nationality.","Pakisabi ang iyong nasyonalidad.","","",""
"Medium — error message","Share Your Story page","err.preferredLanguage","Please choose a language.","Pakipili ng wika.","","",""
"Medium — error message","Share Your Story page","err.preferredLanguageOther","Please tell us which language.","Pakisabi kung anong wika.","","",""
"Medium — error message","Share Your Story page","err.filmingComfort","Please choose an answer.","Pakipili ng sagot.","","",""
"Medium — error message","Share Your Story page","err.story","Please check this answer.","Pakitingnan ang sagot na ito.","","",""
"HIGH — consent/privacy wording","Share Your Story page","err.consentContact","Please tick this box so we can contact you.","Paki-tsek ang kahong ito para makontak ka namin.","","",""
"Normal","Share Your Story page","success.title","Thank you for sharing your story","Salamat sa pagbabahagi ng iyong kuwento","","",""
"Normal","Share Your Story page","success.received","We've received your registration.","Natanggap na namin ang iyong registration.","","",""
"Normal","Share Your Story page","success.shortlisted","If you're shortlisted, the TulusSG team will contact you.","Kung mapasama ka sa shortlist, kokontakin ka ng TulusSG team.","","",""
"HIGH — consent/privacy wording","Share Your Story page","success.back","Back to TulusSG","Bumalik sa TulusSG","","",""
