"Priority","Page","Key","English (source)","Burmese (current draft)","Reviewer: correct? (Y/N)","Reviewer: corrected text","Reviewer notes"
"Normal","All campaign pages (navigation, footer, errors, statuses)","nav.language","Language","ဘာသာစကား","","",""
"Normal","All campaign pages (navigation, footer, errors, statuses)","nav.home","TulusSG home","TulusSG ပင်မစာမျက်နှာ","","",""
"Normal","All campaign pages (navigation, footer, errors, statuses)","form.required","required","မဖြစ်မနေ","","",""
"Normal","All campaign pages (navigation, footer, errors, statuses)","form.optional","optional","ချန်လှပ်နိုင်သည်","","",""
"Normal","All campaign pages (navigation, footer, errors, statuses)","form.choose","Choose one","တစ်ခု ရွေးပါ","","",""
"Normal","All campaign pages (navigation, footer, errors, statuses)","form.submitting","Sending…","ပေးပို့နေသည်…","","",""
"Medium — error message","All campaign pages (navigation, footer, errors, statuses)","err.invalid_phone","This WhatsApp number doesn’t look right.","ဤ WhatsApp နံပါတ် မှန်ပုံမရပါ။","","",""
"Medium — error message","All campaign pages (navigation, footer, errors, statuses)","err.phone_country_code","For numbers outside Singapore, start with + and the country code (e.g. +62…).","စင်္ကာပူပြင်ပ နံပါတ်များအတွက် + နှင့် နိုင်ငံကုဒ်ဖြင့် စပေးပါ (ဥပမာ +95…)။","","",""
"Medium — error message","All campaign pages (navigation, footer, errors, statuses)","err.too_long","This is too long. Please make it shorter.","ရှည်လွန်းပါတယ်။ တိုအောင် ပြင်ပေးပါ။","","",""
"Medium — error message","All campaign pages (navigation, footer, errors, statuses)","err.invalid_option","Please choose one of the answers shown.","ပြထားသော အဖြေများထဲမှ တစ်ခုကို ရွေးပေးပါ။","","",""
"Medium — error message","All campaign pages (navigation, footer, errors, statuses)","err.network","Your registration was not sent. Please check your internet connection and try again.","သင့်မှတ်ပုံတင်မှုကို ပေးပို့၍ မရပါ။ အင်တာနက်ချိတ်ဆက်မှုကို စစ်ဆေးပြီး ထပ်ကြိုးစားပါ။","","",""
"Medium — error message","All campaign pages (navigation, footer, errors, statuses)","err.server","Sorry, something went wrong on our side and your registration was NOT sent. Please try again in a few minutes.","စိတ်မကောင်းပါ၊ ကျွန်ုပ်တို့ဘက်တွင် ပြဿနာတစ်ခု ဖြစ်ပွားသဖြင့် သင့်မှတ်ပုံတင်မှုကို ပေးပို့ခြင်း မရှိသေးပါ။ မိနစ်အနည်းငယ်အကြာတွင် ထပ်ကြိုးစားပါ။","","",""
"Medium — error message","All campaign pages (navigation, footer, errors, statuses)","err.rate_limited","Too many tries in a short time. Please wait a few minutes and try again.","အချိန်တိုအတွင်း အကြိမ်များစွာ ကြိုးစားထားပါသည်။ မိနစ်အနည်းငယ် စောင့်ပြီး ထပ်ကြိုးစားပါ။","","",""
"Medium — error message","All campaign pages (navigation, footer, errors, statuses)","err.too_fast","That was quick! Please check your answers and send again.","အရမ်းမြန်သွားပါတယ်။ အဖြေတွေကို ပြန်စစ်ပြီး ထပ်ပို့ပါ။","","",""
"Normal","All campaign pages (navigation, footer, errors, statuses)","footer.questions","Questions?","မေးစရာ ရှိပါသလား။","","",""
"HIGH — consent/privacy wording","All campaign pages (navigation, footer, errors, statuses)","privacy.link","Privacy Policy","ကိုယ်ရေးအချက်အလက် မူဝါဒ","","",""
"HIGH — consent/privacy wording","All campaign pages (navigation, footer, errors, statuses)","privacy.linkEnglishOnly","Privacy Policy","ကိုယ်ရေးအချက်အလက် မူဝါဒ (အင်္ဂလိပ်ဘာသာဖြင့်)","","",""
"Normal","All campaign pages (navigation, footer, errors, statuses)","nav.campaigns","Campaigns","လှုပ်ရှားမှုများ","","",""
"Normal","All campaign pages (navigation, footer, errors, statuses)","nav.allCampaigns","All campaigns","လှုပ်ရှားမှုအားလုံး","","",""
"Medium — error message","All campaign pages (navigation, footer, errors, statuses)","err.campaign_closed","Registrations for this campaign are closed, so your registration was NOT sent.","ဤလှုပ်ရှားမှုအတွက် မှတ်ပုံတင်ခြင်း ပိတ်သွားပြီဖြစ်သောကြောင့် သင့်မှတ်ပုံတင်မှုကို ပေးပို့ခြင်း မရှိပါ။","","",""
"Normal","All campaign pages (navigation, footer, errors, statuses)","status.active","Open","ဖွင့်ထားသည်","","",""
"Normal","All campaign pages (navigation, footer, errors, statuses)","status.coming-soon","Coming soon","မကြာမီ လာမည်","","",""
"Normal","All campaign pages (navigation, footer, errors, statuses)","status.closed","Closed","ပိတ်ပြီး","","",""
"Normal","All campaign pages (navigation, footer, errors, statuses)","state.coming-soon.title","Coming soon","မကြာမီ လာမည်","","",""
"Normal","All campaign pages (navigation, footer, errors, statuses)","state.coming-soon.body","This campaign is not open yet. Please check back soon.","ဤလှုပ်ရှားမှုကို မဖွင့်ရသေးပါ။ နောက်မှ ပြန်လာကြည့်ပါ။","","",""
"Normal","All campaign pages (navigation, footer, errors, statuses)","state.closed.title","This campaign is closed","ဤလှုပ်ရှားမှု ပိတ်သွားပါပြီ","","",""
"Normal","All campaign pages (navigation, footer, errors, statuses)","state.closed.body","Thank you for your interest. Registrations for this campaign are no longer open.","စိတ်ဝင်စားမှုအတွက် ကျေးဇူးတင်ပါတယ်။ ဤလှုပ်ရှားမှုအတွက် မှတ်ပုံတင်ခြင်းကို မဖွင့်တော့ပါ။","","",""
"HIGH — consent/privacy wording","All campaign pages (navigation, footer, errors, statuses)","state.backToCampaigns","See all campaigns","လှုပ်ရှားမှုအားလုံးကို ကြည့်ရန်","","",""
"Normal","/campaigns/ hub","meta.title","Campaigns | TulusSG","လှုပ်ရှားမှုများ | TulusSG","","",""
"Normal","/campaigns/ hub","meta.description","Ways to take part in TulusSG: current campaigns for domestic workers and the community in Singapore.","TulusSG တွင် ပါဝင်နိုင်သည့် နည်းလမ်းများ - စင်္ကာပူရှိ အိမ်အကူများနှင့် အသိုင်းအဝိုင်းအတွက် လက်ရှိ လှုပ်ရှားမှုများ။","","",""
"Normal","/campaigns/ hub","hub.tag","TulusSG","TulusSG","","",""
"Normal","/campaigns/ hub","hub.title","Campaigns","လှုပ်ရှားမှုများ","","",""
"Normal","/campaigns/ hub","hub.lead","Ways to take part in TulusSG.","TulusSG တွင် ပါဝင်နိုင်သည့် နည်းလမ်းများ။","","",""
"Normal","/campaigns/ hub","hub.listLabel","Current campaigns","လက်ရှိ လှုပ်ရှားမှုများ","","",""
"Normal","/campaigns/ hub","hub.empty","There are no open campaigns right now. Please check back soon.","လောလောဆယ် ဖွင့်ထားသော လှုပ်ရှားမှု မရှိသေးပါ။ နောက်မှ ပြန်လာကြည့်ပါ။","","",""
"Normal","/campaigns/ hub","campaign.share-your-story.title","Share Your Story","သင့်ဇာတ်လမ်းကို မျှဝေပါ","","",""
"Normal","/campaigns/ hub","campaign.share-your-story.desc","We're looking for 4 domestic helpers in Singapore to share their experiences in an upcoming TulusSG media production.","လာမည့် TulusSG မီဒီယာထုတ်လုပ်မှုတွင် ၎င်းတို့၏ အတွေ့အကြုံများကို မျှဝေပေးမည့် စင်္ကာပူရှိ အိမ်အကူ ၄ ဦးကို ရှာဖွေနေပါသည်။","","",""
"Normal","/campaigns/ hub","campaign.share-your-story.cta","Learn more","ပိုမိုသိရှိရန်","","",""
"Normal","/campaigns/ hub","campaign.share-your-story.alt","A smiling woman sitting by Marina Bay in Singapore","စင်္ကာပူ မရီနာဘေးအနီးတွင် ပြုံးရွှင်စွာ ထိုင်နေသော အမျိုးသမီးတစ်ဦး","","",""
"Normal","Share Your Story page","meta.title","Share Your Story | TulusSG","သင့်ဇာတ်လမ်းကို မျှဝေပါ | TulusSG","","",""
"Normal","Share Your Story page","meta.description","TulusSG is looking for four domestic helpers in Singapore to share their stories in an upcoming media production.","TulusSG သည် လာမည့် မီဒီယာထုတ်လုပ်မှုတစ်ခုတွင် ၎င်းတို့၏ ဇာတ်လမ်းများကို မျှဝေပေးမည့် စင်္ကာပူရှိ အိမ်အကူ လေးဦးကို ရှာဖွေနေပါသည်။","","",""
"Normal","Share Your Story page","hero.tag","A TulusSG story project","TulusSG ဇာတ်လမ်း စီမံကိန်း","","",""
"Normal","Share Your Story page","hero.title","Share your story","သင့်ဇာတ်လမ်းကို မျှဝေပါ","","",""
"Normal","Share Your Story page","hero.lead","We're looking for 4 domestic helpers in Singapore to share their stories in an upcoming TulusSG media production.","လာမည့် TulusSG မီဒီယာထုတ်လုပ်မှုတွင် ကိုယ့်ဇာတ်လမ်းကို မျှဝေပေးမည့် စင်္ကာပူရှိ အိမ်အကူ ၄ ဦးကို ကျွန်ုပ်တို့ ရှာဖွေနေပါသည်။","","",""
"Normal","Share Your Story page","hero.line1","Not a perfect story.","ပြီးပြည့်စုံတဲ့ ဇာတ်လမ်း မလိုပါ။","","",""
"Normal","Share Your Story page","hero.line2","Not a scripted story.","ဇာတ်ညွှန်းပါတဲ့ ဇာတ်လမ်း မလိုပါ။","","",""
"Normal","Share Your Story page","hero.line3","Just your story.","သင့်ရဲ့ ကိုယ်ပိုင်ဇာတ်လမ်းပဲ လိုပါတယ်။","","",""
"Normal","Share Your Story page","hero.cta","Share my story","ဇာတ်လမ်း မျှဝေမယ်","","",""
"Normal","Share Your Story page","hero.about","What is this about?","ဒါက ဘာအကြောင်းလဲ။","","",""
"Normal","Share Your Story page","hero.alt","A smiling woman sitting by Marina Bay in Singapore","စင်္ကာပူ မရီနာဘေးအနီးတွင် ပြုံးရွှင်စွာ ထိုင်နေသော အမျိုးသမီးတစ်ဦး","","",""
"Normal","Share Your Story page","share.title","What can you share?","ဘာတွေ မျှဝေနိုင်မလဲ။","","",""
"Normal","Share Your Story page","share.c1","Your experiences","သင့်အတွေ့အကြုံများ","","",""
"Normal","Share Your Story page","share.c2","Funny moments","ရယ်စရာ အခိုက်အတန့်များ","","",""
"Normal","Share Your Story page","share.c3","Challenges","အခက်အခဲများ","","",""
"Normal","Share Your Story page","share.c4","Your hopes","သင့်မျှော်လင့်ချက်များ","","",""
"Normal","Share Your Story page","share.anything","Anything that matters to you.","သင့်အတွက် အရေးပါတဲ့ ဘာမဆို။","","",""
"Normal","Share Your Story page","trust.t1","No media experience needed","မီဒီယာ အတွေ့အကြုံ မလိုပါ","","",""
"Normal","Share Your Story page","trust.t2","No perfect English needed","ပြီးပြည့်စုံတဲ့ အင်္ဂလိပ်စကား မလိုပါ","","",""
"Normal","Share Your Story page","trust.t3","No perfect story needed","ပြီးပြည့်စုံတဲ့ ဇာတ်လမ်း မလိုပါ","","",""
"Normal","Share Your Story page","trust.be","Just be yourself.","သင့်အတိုင်း သင်ဖြစ်ပါစေ။","","",""
"Normal","Share Your Story page","trust.contact","Selected participants will be contacted by the TulusSG team.","ရွေးချယ်ခံရသူများကို TulusSG အဖွဲ့မှ ဆက်သွယ်ပါမည်။","","",""
"Normal","Share Your Story page","form.title","Interested? Tell us a little about your story.","စိတ်ဝင်စားပါသလား။ သင့်ဇာတ်လမ်းအကြောင်း နည်းနည်း ပြောပြပါ။","","",""
"Normal","Share Your Story page","f.name","Name","အမည်","","",""
"Normal","Share Your Story page","f.phone","WhatsApp number","WhatsApp နံပါတ်","","",""
"Normal","Share Your Story page","f.phone.help","Singapore: 8 digits, e.g. 9123 4567. Other countries: start with + and the country code.","စင်္ကာပူ - ဂဏန်း ၈ လုံး၊ ဥပမာ 9123 4567။ အခြားနိုင်ငံများ - + နှင့် နိုင်ငံကုဒ်ဖြင့် စပါ။","","",""
"Normal","Share Your Story page","f.phone.placeholder","e.g. 9123 4567","ဥပမာ 9123 4567","","",""
"Normal","Share Your Story page","f.nationality","Nationality","နိုင်ငံသား","","",""
"Normal","Share Your Story page","f.nationalityOther","Please tell us your nationality","သင့်နိုင်ငံသားကို ပြောပြပါ","","",""
"Normal","Share Your Story page","nat.indonesia","Indonesia","အင်ဒိုနီးရှား","","",""
"Normal","Share Your Story page","nat.philippines","Philippines","ဖိလစ်ပိုင်","","",""
"Normal","Share Your Story page","nat.myanmar","Myanmar","မြန်မာ","","",""
"Normal","Share Your Story page","nat.india","India","အိန္ဒိယ","","",""
"Normal","Share Your Story page","nat.sri_lanka","Sri Lanka","သီရိလင်္ကာ","","",""
"Normal","Share Your Story page","nat.malaysia","Malaysia","မလေးရှား","","",""
"Normal","Share Your Story page","nat.other","Other","အခြား","","",""
"Normal","Share Your Story page","f.language","Preferred language","နှစ်သက်သော ဘာသာစကား","","",""
"Normal","Share Your Story page","f.languageOther","Which language do you prefer?","ဘယ်ဘာသာစကားကို နှစ်သက်ပါသလဲ။","","",""
"Normal","Share Your Story page","lang.en","English","အင်္ဂလိပ်","","",""
"Normal","Share Your Story page","lang.id","Bahasa Indonesia","အင်ဒိုနီးရှား","","",""
"Normal","Share Your Story page","lang.tl","Filipino / Tagalog","ဖိလစ်ပိုင် / တာဂါလော့","","",""
"Normal","Share Your Story page","lang.my","Burmese","မြန်မာ","","",""
"Normal","Share Your Story page","lang.other","Other","အခြား","","",""
"Normal","Share Your Story page","f.story","Your story","သင့်ဇာတ်လမ်း","","",""
"Normal","Share Your Story page","f.story.help","A few sentences are enough. You can write in any language you are comfortable with.","စာကြောင်း အနည်းငယ်ဆိုရင် လုံလောက်ပါတယ်။ သင် အဆင်ပြေတဲ့ ဘယ်ဘာသာစကားနဲ့မဆို ရေးနိုင်ပါတယ်။","","",""
"Normal","Share Your Story page","f.filming","Would you be comfortable being filmed?","ဗီဒီယို ရိုက်ကူးခံရတာ စိတ်သက်သာပါသလား။","","",""
"Normal","Share Your Story page","film.yes","Yes","ဟုတ်ကဲ့","","",""
"Normal","Share Your Story page","film.maybe","Maybe, tell me more","ဖြစ်နိုင်ပါတယ်၊ ပိုပြောပြပါ","","",""
"Normal","Share Your Story page","film.no","No","မသက်သာပါ","","",""
"HIGH — consent/privacy wording","Share Your Story page","f.consent","I agree that TulusSG may contact me about this story-sharing opportunity.","ဤဇာတ်လမ်းမျှဝေခြင်း အခွင့်အလမ်းနှင့် ပတ်သက်၍ TulusSG က ကျွန်ုပ်ကို ဆက်သွယ်ခွင့်ပြုပါသည်။","","",""
"HIGH — consent/privacy wording","Share Your Story page","f.consentAck","By submitting this form, you acknowledge our {link}.","ဤဖောင်ကို ပေးပို့ခြင်းဖြင့် ကျွန်ုပ်တို့၏ {link} ကို အသိအမှတ်ပြုပါသည်။","","",""
"HIGH — consent/privacy wording","Share Your Story page","f.mediaNote","Submitting your interest does not give TulusSG permission to publish or use your story, image or voice. Media consent will be obtained separately if you are selected.","စိတ်ဝင်စားကြောင်း ပေးပို့ခြင်းသည် သင့်ဇာတ်လမ်း၊ ပုံ သို့မဟုတ် အသံကို TulusSG က ထုတ်ဝေရန် သို့မဟုတ် အသုံးပြုရန် ခွင့်ပြုချက် မဟုတ်ပါ။ သင် ရွေးချယ်ခံရပါက မီဒီယာ ခွင့်ပြုချက်ကို သီးခြား တောင်းခံပါမည်။","","",""
"Normal","Share Your Story page","form.submit","Share my story","ဇာတ်လမ်း မျှဝေမယ်","","",""
"Medium — error message","Share Your Story page","err.fullName","Please enter your name.","သင့်အမည်ကို ထည့်ပေးပါ။","","",""
"Medium — error message","Share Your Story page","err.phone","Please enter your WhatsApp number.","သင့် WhatsApp နံပါတ်ကို ထည့်ပေးပါ။","","",""
"Medium — error message","Share Your Story page","err.nationality","Please choose your nationality.","သင့်နိုင်ငံသားကို ရွေးပေးပါ။","","",""
"Medium — error message","Share Your Story page","err.nationalityOther","Please tell us your nationality.","သင့်နိုင်ငံသားကို ပြောပြပေးပါ။","","",""
"Medium — error message","Share Your Story page","err.preferredLanguage","Please choose a language.","ဘာသာစကားတစ်ခု ရွေးပေးပါ။","","",""
"Medium — error message","Share Your Story page","err.preferredLanguageOther","Please tell us which language.","ဘယ်ဘာသာစကားလဲ ပြောပြပေးပါ။","","",""
"Medium — error message","Share Your Story page","err.filmingComfort","Please choose an answer.","အဖြေတစ်ခု ရွေးပေးပါ။","","",""
"Medium — error message","Share Your Story page","err.story","Please check this answer.","ဤအဖြေကို ပြန်စစ်ပေးပါ။","","",""
"HIGH — consent/privacy wording","Share Your Story page","err.consentContact","Please tick this box so we can contact you.","သင့်ကို ဆက်သွယ်နိုင်ရန် ဤအကွက်ကို အမှန်ခြစ်ပေးပါ။","","",""
"Normal","Share Your Story page","success.title","Thank you for sharing your story","သင့်ဇာတ်လမ်းကို မျှဝေပေးတဲ့အတွက် ကျေးဇူးတင်ပါတယ်","","",""
"Normal","Share Your Story page","success.received","We've received your registration.","သင့်မှတ်ပုံတင်မှုကို လက်ခံရရှိပါပြီ။","","",""
"Normal","Share Your Story page","success.shortlisted","If you're shortlisted, the TulusSG team will contact you.","သင် ရွေးချယ်စာရင်းဝင်ပါက TulusSG အဖွဲ့မှ သင့်ကို ဆက်သွယ်ပါမည်။","","",""
"HIGH — consent/privacy wording","Share Your Story page","success.back","Back to TulusSG","TulusSG သို့ ပြန်သွားရန်","","",""
